{
  "timestamp": "20260203_011133",
  "baseline": {
    "overall": {
      "accuracy": 0.9318618042226487,
      "precision": 0.9314047274140377,
      "recall": 0.9318618042226487,
      "f1": 0.930263394477905
    },
    "classes": {
      "Normal": {
        "accuracy": 0.9847715736040609,
        "precision": 0.9282296650717703,
        "recall": 0.9847715736040609,
        "f1": 0.9556650246305418,
        "correct": 582,
        "total": 591
      },
      "Falling": {
        "accuracy": 0.7660818713450293,
        "precision": 0.891156462585034,
        "recall": 0.7660818713450293,
        "f1": 0.8238993710691824,
        "correct": 131,
        "total": 171
      },
      "Fallen": {
        "accuracy": 0.9214285714285714,
        "precision": 0.9626865671641791,
        "recall": 0.9214285714285714,
        "f1": 0.9416058394160584,
        "correct": 258,
        "total": 280
      }
    },
    "confusion_matrix": [
      [
        582,
        8,
        1
      ],
      [
        31,
        131,
        9
      ],
      [
        14,
        8,
        258
      ]
    ]
  },
  "improved": {
    "overall": {
      "accuracy": 0.9385796545105566,
      "precision": 0.9379807719153277,
      "recall": 0.9385796545105566,
      "f1": 0.9370967069355806
    },
    "classes": {
      "Normal": {
        "accuracy": 0.9864636209813875,
        "precision": 0.9372990353697749,
        "recall": 0.9864636209813875,
        "f1": 0.9612530915086563,
        "correct": 583,
        "total": 591
      },
      "Falling": {
        "accuracy": 0.7777777777777778,
        "precision": 0.9047619047619048,
        "recall": 0.7777777777777778,
        "f1": 0.8364779874213837,
        "correct": 133,
        "total": 171
      },
      "Fallen": {
        "accuracy": 0.9357142857142857,
        "precision": 0.9597069597069597,
        "recall": 0.9357142857142857,
        "f1": 0.9475587703435806,
        "correct": 262,
        "total": 280
      }
    },
    "confusion_matrix": [
      [
        583,
        6,
        2
      ],
      [
        29,
        133,
        9
      ],
      [
        10,
        8,
        262
      ]
    ]
  },
  "comparison": {
    "overall_accuracy": {
      "baseline": 0.9318618042226487,
      "improved": 0.9385796545105566,
      "difference": 0.006717850287907834,
      "percent_change": 0.7209062821833123
    },
    "overall_precision": {
      "baseline": 0.9314047274140377,
      "improved": 0.9379807719153277,
      "difference": 0.006576044501290013,
      "percent_change": 0.7060351217614941
    },
    "overall_recall": {
      "baseline": 0.9318618042226487,
      "improved": 0.9385796545105566,
      "difference": 0.006717850287907834,
      "percent_change": 0.7209062821833123
    },
    "overall_f1": {
      "baseline": 0.930263394477905,
      "improved": 0.9370967069355806,
      "difference": 0.0068333124576756,
      "percent_change": 0.7345567393319484
    },
    "Normal_accuracy": {
      "baseline": 0.9847715736040609,
      "improved": 0.9864636209813875,
      "difference": 0.0016920473773266442,
      "percent_change": 0.17182130584193245
    },
    "Falling_accuracy": {
      "baseline": 0.7660818713450293,
      "improved": 0.7777777777777778,
      "difference": 0.011695906432748537,
      "percent_change": 1.5267175572519083
    },
    "Fallen_accuracy": {
      "baseline": 0.9214285714285714,
      "improved": 0.9357142857142857,
      "difference": 0.014285714285714346,
      "percent_change": 1.5503875968992313
    }
  }
}